symbol,company_name,fiscal_year,net_profit_margin_pct,expense_ratio_pct,debt_to_equity,free_cash_flow,net_profit,profitability_score,expense_score,debt_score,cashflow_score,health_score,health_category,dividend_payout,overall_score,leverage_score,dividend_score,growth_score,trend_score
ABB,Abbott India Ltd,2024,20.53342451701145,75.15814669174217,0.0224384968910516,797.0,1201,25,18,25,25,93,STRONG,73.0,93,25,20,20,20
ADANIENSOL,Adani Energy Solutions Ltd,2024,7.201782380923707,65.61088697537183,2.93252116130053,1095.0,1196,10,18,8,25,61,WEAK,0.0,61,8,6,8,20
ADANIENT,Adani Enterprises Ltd,2024,3.458790097592848,88.2007031663227,1.671358378544375,-8455.0,3335,10,10,18,10,48,WEAK,5.0,48,18,6,8,8
ADANIGREEN,Adani Green Energy Ltd,2024,13.665943600867678,20.629067245119305,6.595281675818589,-13347.0,1260,18,25,8,10,61,WEAK,0.0,61,8,6,14,8
ADANIPORTS,Adani Ports & Special Economic Zone Ltd,2024,30.33956048070084,41.63453258956984,0.937322369168972,8250.0,8104,25,25,25,25,100,STRONG,16.0,100,25,12,20,20
ADANIPOWER,Adani Power Ltd,2024,41.36759945184802,63.80012313558817,0.8023177656738903,17651.0,20829,25,18,25,25,93,STRONG,0.0,93,25,6,20,20
AMBUJACEM,Ambuja Cements Ltd,2024,14.288299155609169,80.69963811821471,0.0168612504824392,-3295.0,4738,18,10,25,10,63,WEAK,12.0,63,25,12,14,8
APOLLOHOSP,Apollo Hospitals Chain of Indian private hospitals,2024,4.905818773282963,87.43900519439634,0.7688869665513264,383.0,935,10,10,25,25,70,MODERATE,26.0,70,25,12,8,20
ASIANPAINT,Asian Paints Indian Multi-National Paint and Coating Manufacturing Company,2024,15.658543456824903,78.6307930694464,0.1321016659547202,3556.0,5558,18,18,25,25,86,STRONG,58.0,86,25,20,14,20
ATGL,Adani Total Gas Ltd,2024,14.927374301675975,75.3296089385475,0.4349162011173184,1344.0,668,18,18,25,25,86,STRONG,4.0,86,25,6,14,20
BAJAJ-AUTO,Bajaj Auto Ltd,2024,17.178515712057056,80.46801872074883,0.0660175402251225,6486.0,7708,18,10,25,25,78,MODERATE,29.0,78,25,12,14,20
AXISBANK,Axis Bank Ltd,2024,22.73130411725443,54.37921165961104,8.249122739980766,-14556.0,24861,25,25,8,10,68,MODERATE,1.0,68,8,6,20,8
BAJAJFINSV,Bajaj Finserv Ltd,2024,14.128209309488865,62.96044644960229,4.789368120938867,-79634.0,15595,18,18,8,10,54,WEAK,2.0,54,8,6,14,8
BAJAJHLDNG,Bajaj Holdings & Investment Ltd,2024,432.7262044653349,8.225616921269095,0.0011613545449517,1469.0,7365,25,25,25,25,100,STRONG,20.0,100,25,12,20,20
BAJFINANCE,Bajaj Finance Ltd,2024,26.287928399912687,34.35567197846176,3.824788776468134,-79931.0,14451,25,25,8,10,68,MODERATE,15.0,68,8,12,20,8
BANKBARODA,Bank of Baroda,2024,15.93948250956673,59.046790393566425,12.143718727289434,-7559.0,18869,18,25,8,10,61,WEAK,21.0,61,8,12,14,8
BHARTIARTL,Bharti Airtel Ltd,2024,5.706018055499993,47.7997359683162,2.6094723973904306,27809.0,8558,10,25,8,25,68,MODERATE,62.0,68,8,20,8,20
BEL,Bharat Electronics Ltd,2024,19.661535425300965,75.07894217485692,0.5119047619047619,-1265.0,3985,18,18,25,10,71,MODERATE,40.0,71,25,20,14,8
BHEL,Bharat Heavy Electricals Limited,2024,1.180262001423011,97.0242330389654,0.3623864473361158,-2382.0,282,10,10,25,10,55,WEAK,31.0,55,25,20,8,8
BOSCHLTD,Bosch Ltd,2024,14.886112273569676,87.47533927183595,0.0032327586206896,1536.0,2490,18,10,25,25,78,MODERATE,44.0,78,25,20,14,20
BPCL,Bharat Petroleum Corporation Ltd,2024,5.994201967046283,90.16209050555366,0.7218747934157467,25415.0,26859,10,10,25,25,70,MODERATE,33.0,70,25,20,8,20
BRITANNIA,Britannia Industries Ltd,2024,12.725863199952292,81.11992366867435,0.5239786856127886,3050.0,2134,18,10,25,25,78,MODERATE,83.0,78,25,20,14,20
CANBK,Canara Bank,2024,13.935160470145403,65.25393823686426,14.867419925542425,13296.0,15401,18,18,8,25,69,MODERATE,19.0,69,8,12,14,20
CHOLAFIN,Cholamandalam Investment & Finance Company Ltd,2024,17.846892448990243,48.17095444345875,6.863420609401317,-38538.0,3420,18,25,8,10,61,WEAK,5.0,61,8,6,14,8
CIPLA,Cipla Ltd,2024,16.11701714906495,0.3491891052999146,0.0209316258518684,1152.0,4154,18,25,25,25,93,STRONG,25.0,93,25,12,14,20
COALINDIA,Coal India Ltd,2024,26.25628846856468,0.5754475703324808,0.0788468512027076,13617.0,37369,25,25,25,25,100,STRONG,42.0,100,25,20,20,20
DABUR,Dabur India Ltd,2024,14.600128990648178,80.65140277329894,0.1383539428339752,1042.0,1811,18,10,25,25,78,MODERATE,53.0,78,25,20,14,20
DIVISLAB,Divis Laboratories Ltd,2024,20.39515615041428,71.82919056724027,0.0002210596124088,992.0,1600,25,18,25,25,93,STRONG,50.0,93,25,20,20,20
DLF,DLF Ltd,2024,42.38369379181578,66.95192158083087,0.1225938982019223,1010.0,2724,25,18,25,25,93,STRONG,45.0,93,25,20,20,20
DMART,Avenue Supermarts Ltd,2024,4.993207190533383,91.91557226958594,0.0316611402289014,278.0,2536,10,10,25,25,70,MODERATE,0.0,70,25,6,8,20
DRREDDY,Dr Reddys Laboratories Ltd,2024,19.9136053693192,71.67898325657778,0.0708572237559283,509.0,5578,18,18,25,25,86,STRONG,12.0,86,25,12,14,20
EICHERMOT,Eicher Motors Ltd,2024,24.19569424286405,73.81470730527334,0.0232197284566361,890.0,4001,25,18,25,25,93,STRONG,35.0,93,25,20,20,20
GAIL,GAIL (India) Ltd,2024,7.433122166511544,89.25601224967724,0.2830499889606088,4360.0,9903,10,10,25,25,70,MODERATE,37.0,70,25,20,8,20
GODREJCP,Godrej Consumer Products Ltd,2024,-3.979852440408626,79.02241770715096,0.2557548817272583,-1365.0,-561,10,18,25,10,63,WEAK,,63,25,6,8,8
GRASIM,Grasim Industries Ltd,2024,7.578371940325857,79.23697109438226,1.547099364939709,-33833.0,9926,10,18,18,10,56,WEAK,12.0,56,18,12,8,8
HAL,Hindustan Aeronautics Ltd,2024,24.999177117277245,67.90757381258024,0.6180904522613065,1814.0,7595,25,18,25,25,93,STRONG,31.0,93,25,20,20,20
HAVELLS,Havells India Ltd,2024,6.837009144701453,89.88165680473372,0.040687525177924,335.0,1271,10,10,25,25,70,MODERATE,44.0,70,25,20,8,20
HCLTECH,HCL Technologies Ltd,2024,14.293122742532727,77.9844058482618,0.0843502336551279,15840.0,15710,18,18,25,25,86,STRONG,90.0,86,25,20,14,20
HDFCBANK,HDFC Bank Ltd,2024,23.07288232992184,54.34145722354036,6.808786667718385,35669.0,65446,25,25,8,25,83,MODERATE,23.0,83,8,12,20,20
HDFCLIFE,HDFC Life Insurance Company Ltd,2024,1.5510139729213062,0.0,0.0647756716214373,-2893.0,1574,10,25,25,10,70,MODERATE,27.0,70,25,12,8,8
HEROMOTOCO,Hero MotoCorp Ltd,2024,9.902352536452408,0.2011167270898939,0.0342392225549466,3095.0,3742,10,25,25,25,85,STRONG,75.0,85,25,20,8,20
HINDALCO,Hindalco Industries Ltd,2024,4.702216130615571,1.7864253896518831,0.5309290976579428,9789.0,10155,10,25,25,25,85,STRONG,8.0,85,25,6,8,20
HINDUNILVR,Hindustan Unilever Ltd,2024,16.611735814915342,0.539614837792426,0.0289741887617634,10145.0,10282,18,25,25,25,93,STRONG,96.0,93,25,20,14,20
ICICIBANK,ICICI Bank Ltd,2024,28.8880112339828,46.45803555756162,6.445624336310825,12547.0,46081,25,25,8,25,83,MODERATE,16.0,83,8,12,20,20
ICICIGI,ICICI Lombard General Insurance Company Ltd,2024,9.366915605017816,0.0,0.0028676771814829,486.0,1919,10,25,25,25,85,STRONG,28.0,85,25,12,8,20
ICICIPRULI,ICICI Prudential Life Insurance Company Ltd,2024,0.942341125272681,0.0,0.109041344843253,105.0,851,10,25,25,25,85,STRONG,10.0,85,25,12,8,20
INDUSINDBK,IndusInd Bank Ltd,2024,19.56369677362945,54.93573489551456,6.885742949503957,-17468.0,8950,18,25,8,10,61,WEAK,14.0,61,8,12,14,8
INFY,Infosys Ltd,2024,17.08075746730006,76.29660961801262,0.0948635889055336,20117.0,26248,18,18,25,25,86,STRONG,,86,25,6,14,20
IOC,Indian Oil Corporation,2024,5.559462717942377,90.25622398087464,0.7230954600718581,39635.0,43161,10,10,25,25,70,MODERATE,40.0,70,25,20,8,20
IRCTC,Indian Railway Catering & Tourism Corporation Ltd,2024,26.01873536299766,65.66744730679157,0.0185758513931888,667.0,1111,25,18,25,25,93,STRONG,47.0,93,25,20,20,20
IRFC,Indian Railway Finance Corporation Ltd,2024,24.064552448864703,0.4991555638956652,8.378352548852153,7906.0,6412,25,25,8,25,83,MODERATE,31.0,83,8,20,20,20
ITC,ITC Ltd,2024,29.282025230717128,62.98365930065194,0.0040667319849141,18742.0,20751,25,18,25,25,93,STRONG,84.0,93,25,20,20,20
JINDALSTEL,Jindal Steel & Power Ltd,2024,11.802438733764944,79.74143067085038,0.3716941962270963,-2336.0,5943,18,18,25,10,71,MODERATE,3.0,71,25,6,14,8
JIOFIN,Jio Financial Services Ltd,2024,86.52291105121293,15.95687331536388,0.0,763.0,1605,25,25,25,25,100,STRONG,0.0,100,25,6,20,20
JSWENERGY,JSW Energy Ltd,2024,15.018283127285391,53.14295664286958,1.5156009984639016,-1963.0,1725,18,25,18,10,71,MODERATE,19.0,71,18,12,14,8
JSWSTEEL,JSW Steel Ltd,2024,5.127252779904689,83.91083734271967,1.1328071688833383,-2389.0,8973,10,10,18,10,48,WEAK,25.0,48,18,12,8,8
KOTAKBANK,Kotak Mahindra Bank Ltd,2024,32.386151466116615,40.12838522680797,4.003739266919029,6766.0,18213,25,25,8,25,83,MODERATE,2.0,83,8,6,20,20
LICI,Life Insurance Corporation of India,2024,4.836600998148862,96.12537619715214,0.0,853.0,40916,10,10,25,25,70,MODERATE,15.0,70,25,12,8,20
LODHA,Macrotech Developers Ltd,2024,15.063978286157424,74.16634354400931,0.4406663232010991,-435.0,1554,18,18,25,10,71,MODERATE,,71,25,6,14,8
LT,Larsen & Toubro Ltd,2024,7.031246466738726,86.49333146400257,0.1034568888000799,20445.0,15547,10,10,25,25,70,MODERATE,36.0,70,25,20,8,20
LTIM,LTIMindtree Ltd,2024,12.90931103415266,82.01706225187938,0.1034568888000799,1752.0,4585,18,10,25,25,78,MODERATE,42.0,78,25,20,14,20
M&M,Mahindra & Mahindra Ltd,2024,8.82238743726542,82.10212974014581,1.6414413053331318,-11245.0,12270,10,10,18,10,48,WEAK,21.0,48,18,12,8,8
MARUTI,Maruti Suzuki India Ltd,2024,9.50809964894472,86.8699685601094,0.0013896025036199,4936.0,13488,10,10,25,25,70,MODERATE,29.0,70,25,12,8,20
MOTHERSON,Samvardhana Motherson International Ltd,2024,3.060025128683176,90.55445223523692,0.7616899254444657,925.0,3020,10,10,25,25,70,MODERATE,20.0,70,25,12,8,20
NAUKRI,Info Edge (India) Ltd,2024,23.46214511041009,71.96372239747633,0.008129006675038,-150.0,595,25,18,25,10,78,MODERATE,49.0,78,25,20,20,8
NESTLEIND,Nestle India Ltd,2024,16.12281708616873,76.17036976305648,0.1032934131736526,2938.0,3933,18,18,25,25,86,STRONG,79.0,86,25,20,14,20
NHPC,NHPC Ltd,2024,41.81893687707641,50.09343853820598,0.8413260296625498,970.0,4028,25,25,25,25,100,STRONG,53.0,100,25,20,20,20
NTPC,NTPC Ltd,2024,11.950633329785267,71.17327073797905,1.475521125007778,8644.0,21332,18,18,18,25,79,MODERATE,36.0,79,18,20,14,20
ONGC,Oil & Natural Gas Corpn Ltd,2024,9.6552901947257,82.6114819849982,0.4544486308481917,42060.0,57101,10,10,25,25,70,MODERATE,31.0,70,25,20,8,20
PFC,Power Finance Corporation Ltd,2024,28.916597455960137,-0.0295056169952353,8.521864217426122,-101229.0,26461,25,25,8,10,68,MODERATE,23.0,68,8,12,20,8
PIDILITIND,Pidilite Industries Ltd,2024,14.108051360736493,78.13130905273358,0.0454383252051861,955.0,1747,18,18,25,25,86,STRONG,47.0,86,25,20,14,20
PNB,Punjab National Bank,2024,8.395910695456838,36.329711639847794,3.684256345007701,-29445.0,9157,10,25,8,10,53,WEAK,18.0,53,8,12,8,8
POWERGRID,Power Grid Corporation of India Ltd,2024,33.97028990249329,13.125231769299567,1.4173456039290386,24176.0,15573,25,25,18,25,93,STRONG,67.0,93,18,20,20,20
RECLTD,REC Ltd,2024,29.7682934528695,-0.7702506471368142,6.4249170872386445,-59554.0,14145,25,25,8,10,68,MODERATE,30.0,68,8,20,20,8
RELIANCE,Reliance Industries Ltd,2024,8.789365557299389,81.92540718387704,0.5784524141094746,45207.0,79020,10,10,25,25,70,MODERATE,10.0,70,25,12,8,20
SBILIFE,SBI Life Insurance Company Ltd,2024,1.4349789374791648,99.81361941994726,0.0,-2099.0,1894,10,10,25,10,55,WEAK,14.0,55,25,12,8,8
SBIN,State Bank of India,2024,15.83441297482405,54.58925428460184,0.4309242871189774,18156.0,69543,18,25,25,25,93,STRONG,18.0,93,25,12,14,20
SHREECEM,Shree Cement Ltd,2024,8.445007553238145,77.98352906778422,0.0799884074771772,1929.0,1733,10,18,25,25,78,MODERATE,16.0,78,25,12,8,20
SHRIRAMFIN,Shriram Finance Ltd,2024,20.333626470264925,28.245575464438826,3.994034363699512,-31359.0,7399,25,25,8,10,68,MODERATE,23.0,68,8,12,20,8
SUNPHARMA,Sun Pharmaceuticals Industries Ltd,2024,19.815658700538176,73.15710250118565,0.0514238145350024,11372.0,9610,18,18,25,25,86,STRONG,34.0,86,25,20,14,20
TATACONSUM,Tata Consumer Products Ltd,2024,7.990266999868472,84.97961331053531,0.21654107242947,26.0,1215,10,10,25,25,70,MODERATE,64.0,70,25,20,8,20
TATAMOTORS,Tata Motors Ltd,2024,7.263066074788551,86.40438610913209,1.2631244259167669,45133.0,31807,10,10,18,25,63,WEAK,7.0,63,18,6,8,20
TATAPOWER,Tata Power Company Ltd,2024,6.965125551270159,82.53022831941935,1.659321300531586,3569.0,4280,10,10,18,25,63,WEAK,17.0,63,18,12,8,20
TATASTEEL,Tata Steel Ltd,2024,-2.1425049417247384,90.29196538829083,0.9461835171402184,6048.0,-4910,10,10,25,25,70,MODERATE,-101.0,70,25,6,8,20
TCS,Tata Consultancy Services Ltd,2024,19.136712150207767,73.30931160307689,0.0886406082507266,50429.0,46099,18,18,25,25,86,STRONG,58.0,86,25,20,14,20
TECHM,Tech Mahindra Ltd,2024,4.60996999769213,91.3320255404262,0.0951291761970827,5058.0,2397,10,10,25,25,70,MODERATE,150.0,70,25,20,8,20
TITAN,Titan Company Ltd,2024,6.843630099444054,89.64059196617336,1.653145959757266,1506.0,3496,10,10,18,25,63,WEAK,28.0,63,18,12,8,20
TORNTPHARM,Torrent Pharmaceuticals Ltd,2024,15.436241610738255,68.6055182699478,0.5866394399066511,3106.0,1656,18,18,25,25,86,STRONG,57.0,86,25,20,14,20
TRENT,Trent Ltd,2024,11.935353535353537,84.07272727272728,0.4309242871189774,841.0,1477,18,10,25,25,78,MODERATE,8.0,78,25,6,14,20
TVSMOTOR,TVS Motor Company Ltd,2024,4.544641716694342,85.94967428790395,3.833431603773585,-2254.0,1779,10,10,8,10,38,WEAK,23.0,38,8,12,8,8
ULTRACEMCO,ULTRACEMCO,2024,9.877587860326056,81.71151351046426,0.1893305439330544,2109.0,7004,10,10,25,25,70,MODERATE,29.0,70,25,12,8,20
UNIONBANK,UNIONBANK,2024,13.745317605802184,32.300549932254725,12.823705403799256,18536.0,13797,18,25,8,25,76,MODERATE,20.0,76,8,12,14,20
UNITDSPR,UNITDSPR,2024,12.437063863616288,82.33371610281777,0.0372138744558348,1344.0,1408,18,10,25,25,78,MODERATE,46.0,78,25,20,14,20
VEDL,VEDL,2024,5.245360996889937,75.43119942669088,2.8548271596901245,21978.0,7539,10,18,8,25,61,WEAK,259.0,61,8,20,8,20
WIPRO,WIPRO,2024,12.379679144385026,81.33689839572192,0.2209088591630553,18766.0,11112,18,10,25,25,78,MODERATE,5.0,78,25,6,14,20
ZOMATO,ZOMATO,2024,2.897473997028232,99.64503879808488,0.03669230392397,298.0,351,10,10,25,25,70,MODERATE,0.0,70,25,6,8,20
ZYDUSLIFE,ZYDUSLIFE,2024,20.32536962193687,72.45613137565867,0.0405446293494705,1736.0,3973,25,18,25,25,93,STRONG,8.0,93,25,6,20,20
INDIGO,Interglobe Aviation Ltd,2024,11.852722628584695,6.973470335539302,0.0185792349726775,9424.0,8167,18,25,25,25,93,STRONG,0.0,93,25,6,14,20
